field_name,long_name,description,itr_ref,notes,row_var,row_label,start_year,cpi_inflatable,cpi_inflated,col_var,col_label,boolean_value,integer_value,value,benchmark,range,min,max,out_of_range_minmsg,out_of_range_maxmsg,out_of_range_action
_rate_cloth,VAT for consumption of _rate_cloth,VAT for consumption of _rate_cloth,VAT Act,,AYEAR,2022,2022,False,False,,,False,False,0.05,0.15,,0,1.0,,,stop
_rate_cloth_curr_law,VAT for consumption of _rate_cloth_curr_law,VAT for consumption of _rate_cloth_curr_law,VAT Act,,AYEAR,2022,2022,False,False,,,False,False,0.05,0.15,,0,1.0,,,stop
_rate_clothes,VAT for consumption of _rate_clothes,VAT for consumption of _rate_clothes,VAT Act,,AYEAR,2022,2022,False,False,,,False,False,0.05,0.15,,0,1.0,,,stop
_rate_clothes_curr_law,VAT for consumption of _rate_clothes_curr_law,VAT for consumption of _rate_clothes_curr_law,VAT Act,,AYEAR,2022,2022,False,False,,,False,False,0.05,0.15,,0,1.0,,,stop
_rate_donation,VAT for consumption of _rate_donation,VAT for consumption of _rate_donation,VAT Act,,AYEAR,2022,2022,False,False,,,False,False,0.0,0.15,,0,1.0,,,stop
_rate_donation_curr_law,VAT for consumption of _rate_donation_curr_law,VAT for consumption of _rate_donation_curr_law,VAT Act,,AYEAR,2022,2022,False,False,,,False,False,0.0,0.15,,0,1.0,,,stop
_rate_education_services_government,VAT for consumption of _rate_education_services_government,VAT for consumption of _rate_education_services_government,VAT Act,,AYEAR,2022,2022,False,False,,,False,False,0.0,0.15,,0,1.0,,,stop
_rate_education_services_government_curr_law,VAT for consumption of _rate_education_services_government_curr_law,VAT for consumption of _rate_education_services_government_curr_law,VAT Act,,AYEAR,2022,2022,False,False,,,False,False,0.0,0.15,,0,1.0,,,stop
_rate_education_services_government_college,VAT for consumption of _rate_education_services_government_college,VAT for consumption of _rate_education_services_government_college,VAT Act,,AYEAR,2022,2022,False,False,,,False,False,0.15,0.15,,0,1.0,,,stop
_rate_education_services_government_college_curr_law,VAT for consumption of _rate_education_services_government_college_curr_law,VAT for consumption of _rate_education_services_government_college_curr_law,VAT Act,,AYEAR,2022,2022,False,False,,,False,False,0.15,0.15,,0,1.0,,,stop
_rate_education_services_private,VAT for consumption of _rate_education_services_private,VAT for consumption of _rate_education_services_private,VAT Act,,AYEAR,2022,2022,False,False,,,False,False,0.14,0.15,,0,1.0,,,stop
_rate_education_services_private_curr_law,VAT for consumption of _rate_education_services_private_curr_law,VAT for consumption of _rate_education_services_private_curr_law,VAT Act,,AYEAR,2022,2022,False,False,,,False,False,0.14,0.15,,0,1.0,,,stop
_rate_education_services_private_college,VAT for consumption of _rate_education_services_private_college,VAT for consumption of _rate_education_services_private_college,VAT Act,,AYEAR,2022,2022,False,False,,,False,False,0.15,0.15,,0,1.0,,,stop
_rate_education_services_private_college_curr_law,VAT for consumption of _rate_education_services_private_college_curr_law,VAT for consumption of _rate_education_services_private_college_curr_law,VAT Act,,AYEAR,2022,2022,False,False,,,False,False,0.15,0.15,,0,1.0,,,stop
_rate_electronics_ict,VAT for consumption of _rate_electronics_ict,VAT for consumption of _rate_electronics_ict,VAT Act,,AYEAR,2022,2022,False,False,,,False,False,0.15,0.15,,0,1.0,,,stop
_rate_electronics_ict_curr_law,VAT for consumption of _rate_electronics_ict_curr_law,VAT for consumption of _rate_electronics_ict_curr_law,VAT Act,,AYEAR,2022,2022,False,False,,,False,False,0.15,0.15,,0,1.0,,,stop
_rate_electronics_ict_repair,VAT for consumption of _rate_electronics_ict_repair,VAT for consumption of _rate_electronics_ict_repair,VAT Act,,AYEAR,2022,2022,False,False,,,False,False,0.1,0.15,,0,1.0,,,stop
_rate_electronics_ict_repair_curr_law,VAT for consumption of _rate_electronics_ict_repair_curr_law,VAT for consumption of _rate_electronics_ict_repair_curr_law,VAT Act,,AYEAR,2022,2022,False,False,,,False,False,0.1,0.15,,0,1.0,,,stop
_rate_entertainment_goods_music,VAT for consumption of _rate_entertainment_goods_music,VAT for consumption of _rate_entertainment_goods_music,VAT Act,,AYEAR,2022,2022,False,False,,,False,False,0.15,0.15,,0,1.0,,,stop
_rate_entertainment_goods_music_curr_law,VAT for consumption of _rate_entertainment_goods_music_curr_law,VAT for consumption of _rate_entertainment_goods_music_curr_law,VAT Act,,AYEAR,2022,2022,False,False,,,False,False,0.15,0.15,,0,1.0,,,stop
_rate_entertainment_goods_sports,VAT for consumption of _rate_entertainment_goods_sports,VAT for consumption of _rate_entertainment_goods_sports,VAT Act,,AYEAR,2022,2022,False,False,,,False,False,0.15,0.15,,0,1.0,,,stop
_rate_entertainment_goods_sports_curr_law,VAT for consumption of _rate_entertainment_goods_sports_curr_law,VAT for consumption of _rate_entertainment_goods_sports_curr_law,VAT Act,,AYEAR,2022,2022,False,False,,,False,False,0.15,0.15,,0,1.0,,,stop
_rate_financial_services,VAT for consumption of _rate_financial_services,VAT for consumption of _rate_financial_services,VAT Act,,AYEAR,2022,2022,False,False,,,False,False,0.08,0.15,,0,1.0,,,stop
_rate_financial_services_curr_law,VAT for consumption of _rate_financial_services_curr_law,VAT for consumption of _rate_financial_services_curr_law,VAT Act,,AYEAR,2022,2022,False,False,,,False,False,0.08,0.15,,0,1.0,,,stop
_rate_food_basic,VAT for consumption of _rate_food_basic,VAT for consumption of _rate_food_basic,VAT Act,,AYEAR,2022,2022,False,False,,,False,False,0.01,0.15,,0,1.0,,,stop
_rate_food_basic_curr_law,VAT for consumption of _rate_food_basic_curr_law,VAT for consumption of _rate_food_basic_curr_law,VAT Act,,AYEAR,2022,2022,False,False,,,False,False,0.01,0.15,,0,1.0,,,stop
_rate_food_non_basic,VAT for consumption of _rate_food_non_basic,VAT for consumption of _rate_food_non_basic,VAT Act,,AYEAR,2022,2022,False,False,,,False,False,0.05,0.15,,0,1.0,,,stop
_rate_food_non_basic_curr_law,VAT for consumption of _rate_food_non_basic_curr_law,VAT for consumption of _rate_food_non_basic_curr_law,VAT Act,,AYEAR,2022,2022,False,False,,,False,False,0.05,0.15,,0,1.0,,,stop
_rate_footwear,VAT for consumption of _rate_footwear,VAT for consumption of _rate_footwear,VAT Act,,AYEAR,2022,2022,False,False,,,False,False,0.15,0.15,,0,1.0,,,stop
_rate_footwear_curr_law,VAT for consumption of _rate_footwear_curr_law,VAT for consumption of _rate_footwear_curr_law,VAT Act,,AYEAR,2022,2022,False,False,,,False,False,0.15,0.15,,0,1.0,,,stop
_rate_footwear_services,VAT for consumption of _rate_footwear_services,VAT for consumption of _rate_footwear_services,VAT Act,,AYEAR,2022,2022,False,False,,,False,False,0.15,0.15,,0,1.0,,,stop
_rate_footwear_services_curr_law,VAT for consumption of _rate_footwear_services_curr_law,VAT for consumption of _rate_footwear_services_curr_law,VAT Act,,AYEAR,2022,2022,False,False,,,False,False,0.15,0.15,,0,1.0,,,stop
_rate_fuel,VAT for consumption of _rate_fuel,VAT for consumption of _rate_fuel,VAT Act,,AYEAR,2022,2022,False,False,,,False,False,0.08,0.15,,0,1.0,,,stop
_rate_fuel_curr_law,VAT for consumption of _rate_fuel_curr_law,VAT for consumption of _rate_fuel_curr_law,VAT Act,,AYEAR,2022,2022,False,False,,,False,False,0.08,0.15,,0,1.0,,,stop
_rate_fuel_biomass,VAT for consumption of _rate_fuel_biomass,VAT for consumption of _rate_fuel_biomass,VAT Act,,AYEAR,2022,2022,False,False,,,False,False,0.02,0.15,,0,1.0,,,stop
_rate_fuel_biomass_curr_law,VAT for consumption of _rate_fuel_biomass_curr_law,VAT for consumption of _rate_fuel_biomass_curr_law,VAT Act,,AYEAR,2022,2022,False,False,,,False,False,0.02,0.15,,0,1.0,,,stop
_rate_furniture_fixtures,VAT for consumption of _rate_furniture_fixtures,VAT for consumption of _rate_furniture_fixtures,VAT Act,,AYEAR,2022,2022,False,False,,,False,False,0.15,0.15,,0,1.0,,,stop
_rate_furniture_fixtures_curr_law,VAT for consumption of _rate_furniture_fixtures_curr_law,VAT for consumption of _rate_furniture_fixtures_curr_law,VAT Act,,AYEAR,2022,2022,False,False,,,False,False,0.15,0.15,,0,1.0,,,stop
_rate_health_equipment,VAT for consumption of _rate_health_equipment,VAT for consumption of _rate_health_equipment,VAT Act,,AYEAR,2022,2022,False,False,,,False,False,0.15,0.15,,0,1.0,,,stop
_rate_health_equipment_curr_law,VAT for consumption of _rate_health_equipment_curr_law,VAT for consumption of _rate_health_equipment_curr_law,VAT Act,,AYEAR,2022,2022,False,False,,,False,False,0.15,0.15,,0,1.0,,,stop
_rate_health_services,VAT for consumption of _rate_health_services,VAT for consumption of _rate_health_services,VAT Act,,AYEAR,2022,2022,False,False,,,False,False,0.0,0.15,,0,1.0,,,stop
_rate_health_services_curr_law,VAT for consumption of _rate_health_services_curr_law,VAT for consumption of _rate_health_services_curr_law,VAT Act,,AYEAR,2022,2022,False,False,,,False,False,0.0,0.15,,0,1.0,,,stop
_rate_health_services_dental,VAT for consumption of _rate_health_services_dental,VAT for consumption of _rate_health_services_dental,VAT Act,,AYEAR,2022,2022,False,False,,,False,False,0.0,0.15,,0,1.0,,,stop
_rate_health_services_dental_curr_law,VAT for consumption of _rate_health_services_dental_curr_law,VAT for consumption of _rate_health_services_dental_curr_law,VAT Act,,AYEAR,2022,2022,False,False,,,False,False,0.0,0.15,,0,1.0,,,stop
_rate_health_services_paramedical,VAT for consumption of _rate_health_services_paramedical,VAT for consumption of _rate_health_services_paramedical,VAT Act,,AYEAR,2022,2022,False,False,,,False,False,0.0,0.15,,0,1.0,,,stop
_rate_health_services_paramedical_curr_law,VAT for consumption of _rate_health_services_paramedical_curr_law,VAT for consumption of _rate_health_services_paramedical_curr_law,VAT Act,,AYEAR,2022,2022,False,False,,,False,False,0.0,0.15,,0,1.0,,,stop
_rate_health_services_testing,VAT for consumption of _rate_health_services_testing,VAT for consumption of _rate_health_services_testing,VAT Act,,AYEAR,2022,2022,False,False,,,False,False,0.0,0.15,,0,1.0,,,stop
_rate_health_services_testing_curr_law,VAT for consumption of _rate_health_services_testing_curr_law,VAT for consumption of _rate_health_services_testing_curr_law,VAT Act,,AYEAR,2022,2022,False,False,,,False,False,0.0,0.15,,0,1.0,,,stop
_rate_hospital_services,VAT for consumption of _rate_hospital_services,VAT for consumption of _rate_hospital_services,VAT Act,,AYEAR,2022,2022,False,False,,,False,False,0.1,0.15,,0,1.0,,,stop
_rate_hospital_services_curr_law,VAT for consumption of _rate_hospital_services_curr_law,VAT for consumption of _rate_hospital_services_curr_law,VAT Act,,AYEAR,2022,2022,False,False,,,False,False,0.1,0.15,,0,1.0,,,stop
_rate_hotel_services,VAT for consumption of _rate_hotel_services,VAT for consumption of _rate_hotel_services,VAT Act,,AYEAR,2022,2022,False,False,,,False,False,0.14,0.15,,0,1.0,,,stop
_rate_hotel_services_curr_law,VAT for consumption of _rate_hotel_services_curr_law,VAT for consumption of _rate_hotel_services_curr_law,VAT Act,,AYEAR,2022,2022,False,False,,,False,False,0.14,0.15,,0,1.0,,,stop
_rate_house_repair_goods,VAT for consumption of _rate_house_repair_goods,VAT for consumption of _rate_house_repair_goods,VAT Act,,AYEAR,2022,2022,False,False,,,False,False,0.13,0.15,,0,1.0,,,stop
_rate_house_repair_goods_curr_law,VAT for consumption of _rate_house_repair_goods_curr_law,VAT for consumption of _rate_house_repair_goods_curr_law,VAT Act,,AYEAR,2022,2022,False,False,,,False,False,0.13,0.15,,0,1.0,,,stop
_rate_house_repair_services,VAT for consumption of _rate_house_repair_services,VAT for consumption of _rate_house_repair_services,VAT Act,,AYEAR,2022,2022,False,False,,,False,False,0.0,0.15,,0,1.0,,,stop
_rate_house_repair_services_curr_law,VAT for consumption of _rate_house_repair_services_curr_law,VAT for consumption of _rate_house_repair_services_curr_law,VAT Act,,AYEAR,2022,2022,False,False,,,False,False,0.0,0.15,,0,1.0,,,stop
_rate_household_accessories_medical,VAT for consumption of _rate_household_accessories_medical,VAT for consumption of _rate_household_accessories_medical,VAT Act,,AYEAR,2022,2022,False,False,,,False,False,0.15,0.15,,0,1.0,,,stop
_rate_household_accessories_medical_curr_law,VAT for consumption of _rate_household_accessories_medical_curr_law,VAT for consumption of _rate_household_accessories_medical_curr_law,VAT Act,,AYEAR,2022,2022,False,False,,,False,False,0.15,0.15,,0,1.0,,,stop
_rate_household_electric_equipment,VAT for consumption of _rate_household_electric_equipment,VAT for consumption of _rate_household_electric_equipment,VAT Act,,AYEAR,2022,2022,False,False,,,False,False,0.15,0.15,,0,1.0,,,stop
_rate_household_electric_equipment_curr_law,VAT for consumption of _rate_household_electric_equipment_curr_law,VAT for consumption of _rate_household_electric_equipment_curr_law,VAT Act,,AYEAR,2022,2022,False,False,,,False,False,0.15,0.15,,0,1.0,,,stop
_rate_household_equipment,VAT for consumption of _rate_household_equipment,VAT for consumption of _rate_household_equipment,VAT Act,,AYEAR,2022,2022,False,False,,,False,False,0.15,0.15,,0,1.0,,,stop
_rate_household_equipment_curr_law,VAT for consumption of _rate_household_equipment_curr_law,VAT for consumption of _rate_household_equipment_curr_law,VAT Act,,AYEAR,2022,2022,False,False,,,False,False,0.15,0.15,,0,1.0,,,stop
_rate_household_gardening,VAT for consumption of _rate_household_gardening,VAT for consumption of _rate_household_gardening,VAT Act,,AYEAR,2022,2022,False,False,,,False,False,0.05,0.15,,0,1.0,,,stop
_rate_household_gardening_curr_law,VAT for consumption of _rate_household_gardening_curr_law,VAT for consumption of _rate_household_gardening_curr_law,VAT Act,,AYEAR,2022,2022,False,False,,,False,False,0.05,0.15,,0,1.0,,,stop
_rate_household_goods,VAT for consumption of _rate_household_goods,VAT for consumption of _rate_household_goods,VAT Act,,AYEAR,2022,2022,False,False,,,False,False,0.08,0.15,,0,1.0,,,stop
_rate_household_goods_curr_law,VAT for consumption of _rate_household_goods_curr_law,VAT for consumption of _rate_household_goods_curr_law,VAT Act,,AYEAR,2022,2022,False,False,,,False,False,0.08,0.15,,0,1.0,,,stop
_rate_household_items,VAT for consumption of _rate_household_items,VAT for consumption of _rate_household_items,VAT Act,,AYEAR,2022,2022,False,False,,,False,False,0.15,0.15,,0,1.0,,,stop
_rate_household_items_curr_law,VAT for consumption of _rate_household_items_curr_law,VAT for consumption of _rate_household_items_curr_law,VAT Act,,AYEAR,2022,2022,False,False,,,False,False,0.15,0.15,,0,1.0,,,stop
_rate_household_repair_services,VAT for consumption of _rate_household_repair_services,VAT for consumption of _rate_household_repair_services,VAT Act,,AYEAR,2022,2022,False,False,,,False,False,0.12,0.15,,0,1.0,,,stop
_rate_household_repair_services_curr_law,VAT for consumption of _rate_household_repair_services_curr_law,VAT for consumption of _rate_household_repair_services_curr_law,VAT Act,,AYEAR,2022,2022,False,False,,,False,False,0.12,0.15,,0,1.0,,,stop
_rate_household_services,VAT for consumption of _rate_household_services,VAT for consumption of _rate_household_services,VAT Act,,AYEAR,2022,2022,False,False,,,False,False,0.0,0.15,,0,1.0,,,stop
_rate_household_services_curr_law,VAT for consumption of _rate_household_services_curr_law,VAT for consumption of _rate_household_services_curr_law,VAT Act,,AYEAR,2022,2022,False,False,,,False,False,0.0,0.15,,0,1.0,,,stop
_rate_household_utensils,VAT for consumption of _rate_household_utensils,VAT for consumption of _rate_household_utensils,VAT Act,,AYEAR,2022,2022,False,False,,,False,False,0.15,0.15,,0,1.0,,,stop
_rate_household_utensils_curr_law,VAT for consumption of _rate_household_utensils_curr_law,VAT for consumption of _rate_household_utensils_curr_law,VAT Act,,AYEAR,2022,2022,False,False,,,False,False,0.15,0.15,,0,1.0,,,stop
_rate_interest,VAT for consumption of _rate_interest,VAT for consumption of _rate_interest,VAT Act,,AYEAR,2022,2022,False,False,,,False,False,0.0,0.15,,0,1.0,,,stop
_rate_interest_curr_law,VAT for consumption of _rate_interest_curr_law,VAT for consumption of _rate_interest_curr_law,VAT Act,,AYEAR,2022,2022,False,False,,,False,False,0.0,0.15,,0,1.0,,,stop
_rate_jewellery,VAT for consumption of _rate_jewellery,VAT for consumption of _rate_jewellery,VAT Act,,AYEAR,2022,2022,False,False,,,False,False,0.05,0.15,,0,1.0,,,stop
_rate_jewellery_curr_law,VAT for consumption of _rate_jewellery_curr_law,VAT for consumption of _rate_jewellery_curr_law,VAT Act,,AYEAR,2022,2022,False,False,,,False,False,0.05,0.15,,0,1.0,,,stop
_rate_legal_services,VAT for consumption of _rate_legal_services,VAT for consumption of _rate_legal_services,VAT Act,,AYEAR,2022,2022,False,False,,,False,False,0.06,0.15,,0,1.0,,,stop
_rate_legal_services_curr_law,VAT for consumption of _rate_legal_services_curr_law,VAT for consumption of _rate_legal_services_curr_law,VAT Act,,AYEAR,2022,2022,False,False,,,False,False,0.06,0.15,,0,1.0,,,stop
_rate_medical_accessories,VAT for consumption of _rate_medical_accessories,VAT for consumption of _rate_medical_accessories,VAT Act,,AYEAR,2022,2022,False,False,,,False,False,0.15,0.15,,0,1.0,,,stop
_rate_medical_accessories_curr_law,VAT for consumption of _rate_medical_accessories_curr_law,VAT for consumption of _rate_medical_accessories_curr_law,VAT Act,,AYEAR,2022,2022,False,False,,,False,False,0.15,0.15,,0,1.0,,,stop
_rate_medical_life_saving,VAT for consumption of _rate_medical_life_saving,VAT for consumption of _rate_medical_life_saving,VAT Act,,AYEAR,2022,2022,False,False,,,False,False,0.15,0.15,,0,1.0,,,stop
_rate_medical_life_saving_curr_law,VAT for consumption of _rate_medical_life_saving_curr_law,VAT for consumption of _rate_medical_life_saving_curr_law,VAT Act,,AYEAR,2022,2022,False,False,,,False,False,0.15,0.15,,0,1.0,,,stop
_rate_motor_vehicle_four_wheeler,VAT for consumption of _rate_motor_vehicle_four_wheeler,VAT for consumption of _rate_motor_vehicle_four_wheeler,VAT Act,,AYEAR,2022,2022,False,False,,,False,False,0.15,0.15,,0,1.0,,,stop
_rate_motor_vehicle_four_wheeler_curr_law,VAT for consumption of _rate_motor_vehicle_four_wheeler_curr_law,VAT for consumption of _rate_motor_vehicle_four_wheeler_curr_law,VAT Act,,AYEAR,2022,2022,False,False,,,False,False,0.15,0.15,,0,1.0,,,stop
_rate_motor_vehicle_two_wheeler,VAT for consumption of _rate_motor_vehicle_two_wheeler,VAT for consumption of _rate_motor_vehicle_two_wheeler,VAT Act,,AYEAR,2022,2022,False,False,,,False,False,0.15,0.15,,0,1.0,,,stop
_rate_motor_vehicle_two_wheeler_curr_law,VAT for consumption of _rate_motor_vehicle_two_wheeler_curr_law,VAT for consumption of _rate_motor_vehicle_two_wheeler_curr_law,VAT Act,,AYEAR,2022,2022,False,False,,,False,False,0.15,0.15,,0,1.0,,,stop
_rate_non_motorized_vehicle,VAT for consumption of _rate_non_motorized_vehicle,VAT for consumption of _rate_non_motorized_vehicle,VAT Act,,AYEAR,2022,2022,False,False,,,False,False,0.12,0.15,,0,1.0,,,stop
_rate_non_motorized_vehicle_curr_law,VAT for consumption of _rate_non_motorized_vehicle_curr_law,VAT for consumption of _rate_non_motorized_vehicle_curr_law,VAT Act,,AYEAR,2022,2022,False,False,,,False,False,0.12,0.15,,0,1.0,,,stop
_rate_other_services,VAT for consumption of _rate_other_services,VAT for consumption of _rate_other_services,VAT Act,,AYEAR,2022,2022,False,False,,,False,False,0.03,0.15,,0,1.0,,,stop
_rate_other_services_curr_law,VAT for consumption of _rate_other_services_curr_law,VAT for consumption of _rate_other_services_curr_law,VAT Act,,AYEAR,2022,2022,False,False,,,False,False,0.03,0.15,,0,1.0,,,stop
_rate_personal_accessories,VAT for consumption of _rate_personal_accessories,VAT for consumption of _rate_personal_accessories,VAT Act,,AYEAR,2022,2022,False,False,,,False,False,0.14,0.15,,0,1.0,,,stop
_rate_personal_accessories_curr_law,VAT for consumption of _rate_personal_accessories_curr_law,VAT for consumption of _rate_personal_accessories_curr_law,VAT Act,,AYEAR,2022,2022,False,False,,,False,False,0.14,0.15,,0,1.0,,,stop
_rate_personal_accessories_services,VAT for consumption of _rate_personal_accessories_services,VAT for consumption of _rate_personal_accessories_services,VAT Act,,AYEAR,2022,2022,False,False,,,False,False,0.15,0.15,,0,1.0,,,stop
_rate_personal_accessories_services_curr_law,VAT for consumption of _rate_personal_accessories_services_curr_law,VAT for consumption of _rate_personal_accessories_services_curr_law,VAT Act,,AYEAR,2022,2022,False,False,,,False,False,0.15,0.15,,0,1.0,,,stop
_rate_personal_expenses_religious,VAT for consumption of _rate_personal_expenses_religious,VAT for consumption of _rate_personal_expenses_religious,VAT Act,,AYEAR,2022,2022,False,False,,,False,False,0.15,0.15,,0,1.0,,,stop
_rate_personal_expenses_religious_curr_law,VAT for consumption of _rate_personal_expenses_religious_curr_law,VAT for consumption of _rate_personal_expenses_religious_curr_law,VAT Act,,AYEAR,2022,2022,False,False,,,False,False,0.15,0.15,,0,1.0,,,stop
_rate_personal_products,VAT for consumption of _rate_personal_products,VAT for consumption of _rate_personal_products,VAT Act,,AYEAR,2022,2022,False,False,,,False,False,0.15,0.15,,0,1.0,,,stop
_rate_personal_products_curr_law,VAT for consumption of _rate_personal_products_curr_law,VAT for consumption of _rate_personal_products_curr_law,VAT Act,,AYEAR,2022,2022,False,False,,,False,False,0.15,0.15,,0,1.0,,,stop
_rate_personal_services,VAT for consumption of _rate_personal_services,VAT for consumption of _rate_personal_services,VAT Act,,AYEAR,2022,2022,False,False,,,False,False,0.15,0.15,,0,1.0,,,stop
_rate_personal_services_curr_law,VAT for consumption of _rate_personal_services_curr_law,VAT for consumption of _rate_personal_services_curr_law,VAT Act,,AYEAR,2022,2022,False,False,,,False,False,0.15,0.15,,0,1.0,,,stop
_rate_recreation,VAT for consumption of _rate_recreation,VAT for consumption of _rate_recreation,VAT Act,,AYEAR,2022,2022,False,False,,,False,False,0.0,0.15,,0,1.0,,,stop
_rate_recreation_curr_law,VAT for consumption of _rate_recreation_curr_law,VAT for consumption of _rate_recreation_curr_law,VAT Act,,AYEAR,2022,2022,False,False,,,False,False,0.0,0.15,,0,1.0,,,stop
_rate_religious_services,VAT for consumption of _rate_religious_services,VAT for consumption of _rate_religious_services,VAT Act,,AYEAR,2022,2022,False,False,,,False,False,0.0,0.15,,0,1.0,,,stop
_rate_religious_services_curr_law,VAT for consumption of _rate_religious_services_curr_law,VAT for consumption of _rate_religious_services_curr_law,VAT Act,,AYEAR,2022,2022,False,False,,,False,False,0.0,0.15,,0,1.0,,,stop
_rate_rent,VAT for consumption of _rate_rent,VAT for consumption of _rate_rent,VAT Act,,AYEAR,2022,2022,False,False,,,False,False,0.15,0.15,,0,1.0,,,stop
_rate_rent_curr_law,VAT for consumption of _rate_rent_curr_law,VAT for consumption of _rate_rent_curr_law,VAT Act,,AYEAR,2022,2022,False,False,,,False,False,0.15,0.15,,0,1.0,,,stop
_rate_restaurant,VAT for consumption of _rate_restaurant,VAT for consumption of _rate_restaurant,VAT Act,,AYEAR,2022,2022,False,False,,,False,False,0.05,0.15,,0,1.0,,,stop
_rate_restaurant_curr_law,VAT for consumption of _rate_restaurant_curr_law,VAT for consumption of _rate_restaurant_curr_law,VAT Act,,AYEAR,2022,2022,False,False,,,False,False,0.05,0.15,,0,1.0,,,stop
_rate_sports_recreation_services,VAT for consumption of _rate_sports_recreation_services,VAT for consumption of _rate_sports_recreation_services,VAT Act,,AYEAR,2022,2022,False,False,,,False,False,0.12,0.15,,0,1.0,,,stop
_rate_sports_recreation_services_curr_law,VAT for consumption of _rate_sports_recreation_services_curr_law,VAT for consumption of _rate_sports_recreation_services_curr_law,VAT Act,,AYEAR,2022,2022,False,False,,,False,False,0.12,0.15,,0,1.0,,,stop
_rate_stationery,VAT for consumption of _rate_stationery,VAT for consumption of _rate_stationery,VAT Act,,AYEAR,2022,2022,False,False,,,False,False,0.02,0.15,,0,1.0,,,stop
_rate_stationery_curr_law,VAT for consumption of _rate_stationery_curr_law,VAT for consumption of _rate_stationery_curr_law,VAT Act,,AYEAR,2022,2022,False,False,,,False,False,0.02,0.15,,0,1.0,,,stop
_rate_tailoring_cleaning,VAT for consumption of _rate_tailoring_cleaning,VAT for consumption of _rate_tailoring_cleaning,VAT Act,,AYEAR,2022,2022,False,False,,,False,False,0.15,0.15,,0,1.0,,,stop
_rate_tailoring_cleaning_curr_law,VAT for consumption of _rate_tailoring_cleaning_curr_law,VAT for consumption of _rate_tailoring_cleaning_curr_law,VAT Act,,AYEAR,2022,2022,False,False,,,False,False,0.15,0.15,,0,1.0,,,stop
_rate_tax,VAT for consumption of _rate_tax,VAT for consumption of _rate_tax,VAT Act,,AYEAR,2022,2022,False,False,,,False,False,0.0,0.15,,0,1.0,,,stop
_rate_tax_curr_law,VAT for consumption of _rate_tax_curr_law,VAT for consumption of _rate_tax_curr_law,VAT Act,,AYEAR,2022,2022,False,False,,,False,False,0.0,0.15,,0,1.0,,,stop
_rate_telecom_equipment,VAT for consumption of _rate_telecom_equipment,VAT for consumption of _rate_telecom_equipment,VAT Act,,AYEAR,2022,2022,False,False,,,False,False,0.05,0.15,,0,1.0,,,stop
_rate_telecom_equipment_curr_law,VAT for consumption of _rate_telecom_equipment_curr_law,VAT for consumption of _rate_telecom_equipment_curr_law,VAT Act,,AYEAR,2022,2022,False,False,,,False,False,0.05,0.15,,0,1.0,,,stop
_rate_telecom_services,VAT for consumption of _rate_telecom_services,VAT for consumption of _rate_telecom_services,VAT Act,,AYEAR,2022,2022,False,False,,,False,False,0.15,0.15,,0,1.0,,,stop
_rate_telecom_services_curr_law,VAT for consumption of _rate_telecom_services_curr_law,VAT for consumption of _rate_telecom_services_curr_law,VAT Act,,AYEAR,2022,2022,False,False,,,False,False,0.15,0.15,,0,1.0,,,stop
_rate_transport,VAT for consumption of _rate_transport,VAT for consumption of _rate_transport,VAT Act,,AYEAR,2022,2022,False,False,,,False,False,0.09,0.15,,0,1.0,,,stop
_rate_transport_curr_law,VAT for consumption of _rate_transport_curr_law,VAT for consumption of _rate_transport_curr_law,VAT Act,,AYEAR,2022,2022,False,False,,,False,False,0.09,0.15,,0,1.0,,,stop
_rate_transport_services,VAT for consumption of _rate_transport_services,VAT for consumption of _rate_transport_services,VAT Act,,AYEAR,2022,2022,False,False,,,False,False,0.15,0.15,,0,1.0,,,stop
_rate_transport_services_curr_law,VAT for consumption of _rate_transport_services_curr_law,VAT for consumption of _rate_transport_services_curr_law,VAT Act,,AYEAR,2022,2022,False,False,,,False,False,0.15,0.15,,0,1.0,,,stop
_rate_travel,VAT for consumption of _rate_travel,VAT for consumption of _rate_travel,VAT Act,,AYEAR,2022,2022,False,False,,,False,False,0.15,0.15,,0,1.0,,,stop
_rate_travel_curr_law,VAT for consumption of _rate_travel_curr_law,VAT for consumption of _rate_travel_curr_law,VAT Act,,AYEAR,2022,2022,False,False,,,False,False,0.15,0.15,,0,1.0,,,stop
_rate_travel_religious,VAT for consumption of _rate_travel_religious,VAT for consumption of _rate_travel_religious,VAT Act,,AYEAR,2022,2022,False,False,,,False,False,0.0,0.15,,0,1.0,,,stop
_rate_travel_religious_curr_law,VAT for consumption of _rate_travel_religious_curr_law,VAT for consumption of _rate_travel_religious_curr_law,VAT Act,,AYEAR,2022,2022,False,False,,,False,False,0.0,0.15,,0,1.0,,,stop
_rate_utilities,VAT for consumption of _rate_utilities,VAT for consumption of _rate_utilities,VAT Act,,AYEAR,2022,2022,False,False,,,False,False,0.13,0.15,,0,1.0,,,stop
_rate_utilities_curr_law,VAT for consumption of _rate_utilities_curr_law,VAT for consumption of _rate_utilities_curr_law,VAT Act,,AYEAR,2022,2022,False,False,,,False,False,0.13,0.15,,0,1.0,,,stop
_rate_vehicle_equipment,VAT for consumption of _rate_vehicle_equipment,VAT for consumption of _rate_vehicle_equipment,VAT Act,,AYEAR,2022,2022,False,False,,,False,False,0.15,0.15,,0,1.0,,,stop
_rate_vehicle_equipment_curr_law,VAT for consumption of _rate_vehicle_equipment_curr_law,VAT for consumption of _rate_vehicle_equipment_curr_law,VAT Act,,AYEAR,2022,2022,False,False,,,False,False,0.15,0.15,,0,1.0,,,stop
_rate_vehicle_services,VAT for consumption of _rate_vehicle_services,VAT for consumption of _rate_vehicle_services,VAT Act,,AYEAR,2022,2022,False,False,,,False,False,0.11,0.15,,0,1.0,,,stop
_rate_vehicle_services_curr_law,VAT for consumption of _rate_vehicle_services_curr_law,VAT for consumption of _rate_vehicle_services_curr_law,VAT Act,,AYEAR,2022,2022,False,False,,,False,False,0.11,0.15,,0,1.0,,,stop
_elasticity_consumption_food_threshold,VAT for consumption of _elasticity_consumption_food_threshold,VAT for consumption of _elasticity_consumption_food_threshold,VAT Act,,AYEAR,2022,2022,False,False,bracket,,False,False,0.0,,,0,9e+99,,,stop
_elasticity_consumption_food_value,VAT for consumption of _elasticity_consumption_food_value,VAT for consumption of _elasticity_consumption_food_value,VAT Act,,AYEAR,2022,2022,False,False,bracket,,False,False,0.0,,,-100,100.0,,,stop
_elasticity_consumption_non_food_threshold,VAT for consumption of _elasticity_consumption_non_food_threshold,VAT for consumption of _elasticity_consumption_non_food_threshold,VAT Act,,AYEAR,2022,2022,False,False,bracket,,False,False,0.0,,,0,9e+99,,,stop
_elasticity_consumption_non_food_value,VAT for consumption of _elasticity_consumption_non_food_value,VAT for consumption of _elasticity_consumption_non_food_value,VAT Act,,AYEAR,2022,2022,False,False,bracket,,False,False,0.0,,,-100,100.0,,,stop
